{"cameraMode":{"drawMode":0,"name":"Shaded","section":"Shading Mode"},"sceneLighting":true,"audioPlay":false,"sceneViewState":{"m_AlwaysRefresh":false,"showFog":true,"showSkybox":true,"showFlares":true,"showImageEffects":true,"showParticleSystems":true,"showVisualEffectGraphs":true,"m_FxEnabled":true},"in2DMode":false,"pivot":{"x":22.382728576660158,"y":-3.7963361740112306,"z":1.6344857215881348},"rotation":{"x":0.2544555366039276,"y":0.3856816291809082,"z":-0.1141049936413765,"w":0.8798868656158447},"size":10.496764183044434,"orthographic":true}